{"initial_reset_timestamp": 1592650355.6103482, "timestamps": [1592650356.4379568, 1592650357.1919308, 1592650357.9971952, 1592650358.6816452, 1592650359.5674253, 1592650360.3305435, 1592650361.0651722, 1592650361.8006446], "episode_lengths": [3688, 3348, 3614, 3056, 3961, 3408, 3243, 3296], "episode_rewards": [-20.0, -20.0, -20.0, -21.0, -19.0, -21.0, -21.0, -21.0], "episode_types": ["t", "t", "t", "t", "t", "t", "t", "t", "t"]}